形式	資料	識別子	資料名	URL	チェック
HTML	アイヌ語アーカイブ	C0001	織田ステノさんの民話(ｱ) アリにされた弟（1980）	https://ainugo.nam.go.jp/search_ajax/ainu_text?contCd=C0001	完了
HTML	アイヌ語アーカイブ	C0002	織田ステノさんの民話(ｱ) 目つきの悪い犬（1980）	https://ainugo.nam.go.jp/search_ajax/ainu_text?contCd=C0002	未了
HTML	アイヌ語アーカイブ	C0003	織田ステノさんの神謡(ｱ) 飢饉を見逃したキツネ神（ハラウォイウォイ）（1980）	https://ainugo.nam.go.jp/search_ajax/ainu_text?contCd=C0003	未了
HTML	アイヌ語アーカイブ	C0004	織田ステノさんの神謡(ｱ) 金色のひしゃく銀色のひしゃく（トゥノヤケレノヤケ）（1980）	https://ainugo.nam.go.jp/search_ajax/ainu_text?contCd=C0004	未了
HTML	アイヌ語アーカイブ	C0005	織田ステノさんの神謡(ｱ) おじからの手紙（クエトゥンナ）（1980）	https://ainugo.nam.go.jp/search_ajax/ainu_text?contCd=C0005	未了
HTML	アイヌ語アーカイブ	C0008	織田ステノさんの民話(ｱ) 切羽が取り持った縁（1980）	https://ainugo.nam.go.jp/search_ajax/ainu_text?contCd=C0008	未了
HTML	アイヌ語アーカイブ	C0009	民話(ｱ) 犬と一緒に育てられた少年（1980）	https://ainugo.nam.go.jp/search_ajax/ainu_text?contCd=C0009	未了
HTML	アイヌ語アーカイブ	C0011	織田ステノさんの民話(ｱ) 犬の神様からの授かり物（1979）	https://ainugo.nam.go.jp/search_ajax/ainu_text?contCd=C0011	未了
HTML	アイヌ語アーカイブ	C0012	織田ステノさんの民話(ｱ) 蛇神に化かされたクマ神（1979）	https://ainugo.nam.go.jp/search_ajax/ainu_text?contCd=C0012	未了
HTML	アイヌ語アーカイブ	C0014	織田ステノさんの民話(ｱ) 雪で尻を拭いて罰が当たった女（1980）	https://ainugo.nam.go.jp/search_ajax/ainu_text?contCd=C0014	未了
HTML	アイヌ語アーカイブ	C0015	織田ステノさんの神謡(ｱ) 怠け者の子供（マナイタサンケ）（1980）	https://ainugo.nam.go.jp/search_ajax/ainu_text?contCd=C0015	未了
HTML	アイヌ語アーカイブ	C0016	織田ステノさんの民話(ｱ) 女の腹にサケが飛び込んだ（1980）	https://ainugo.nam.go.jp/search_ajax/ainu_text?contCd=C0016	未了
HTML	アイヌ語アーカイブ	C0017	民話(ｱ)石狩の漁場から逃げた男（1980）	https://ainugo.nam.go.jp/search_ajax/ainu_text?contCd=C0017	未了
HTML	アイヌ語アーカイブ	C0018	織田ステノさんの民話(ｱ) 家の神から呼ばれた女（1980）	https://ainugo.nam.go.jp/search_ajax/ainu_text?contCd=C0018	未了
HTML	アイヌ語アーカイブ	C0019	織田ステノさんの民話(ｱ) 妹の機転のおかげで救われた村（1980）	https://ainugo.nam.go.jp/search_ajax/ainu_text?contCd=C0019	未了
HTML	アイヌ語アーカイブ	C0020	織田ステノさんの民話(ｱ) 父の旧知の村で迷う魂（1980）	https://ainugo.nam.go.jp/search_ajax/ainu_text?contCd=C0020	未了
HTML	アイヌ語アーカイブ	C0021	織田ステノさんの民話(ｱ) シナ皮を背負ったクマ（1980）	https://ainugo.nam.go.jp/search_ajax/ainu_text?contCd=C0021	未了
HTML	アイヌ語アーカイブ	C0023	織田ステノさんの民話(ｱ) パナウンペとハルニレの木（1980）	https://ainugo.nam.go.jp/search_ajax/ainu_text?contCd=C0023	未了
HTML	アイヌ語アーカイブ	C0024	織田ステノさんの民話(ｱ) 祭壇の神に育てられた子どもの敵討ち（1980）	https://ainugo.nam.go.jp/search_ajax/ainu_text?contCd=C0024	未了
HTML	アイヌ語アーカイブ	C0025	言い伝え(ｱ)オオウバユリを取り返しに来た山姥（1981）	https://ainugo.nam.go.jp/search_ajax/ainu_text?contCd=C0025	未了
HTML	アイヌ語アーカイブ	C0027	織田ステノさんの民話(ｱ) オタスッとオタサㇺの忘れ形見（1981）	https://ainugo.nam.go.jp/search_ajax/ainu_text?contCd=C0027	未了
HTML	アイヌ語アーカイブ	C0028	民話(ｱ)交易に行って針ばかり持ち帰った男（1981）	https://ainugo.nam.go.jp/search_ajax/ainu_text?contCd=C0028	未了
HTML	アイヌ語アーカイブ	C0029	民話(ｱ)殿様の無理難題とアイヌラックㇽ（1981）	https://ainugo.nam.go.jp/search_ajax/ainu_text?contCd=C0029	未了
HTML	アイヌ語アーカイブ	C0030	織田ステノさんの民話(ｱ) 人が行方不明になる村を救ったイクレスイェ（1981）	https://ainugo.nam.go.jp/search_ajax/ainu_text?contCd=C0030	未了
HTML	アイヌ語アーカイブ	C0033	民話(ｱ)見知らぬ土地に置き去りにされた少年（1981）	https://ainugo.nam.go.jp/search_ajax/ainu_text?contCd=C0033	未了
HTML	アイヌ語アーカイブ	C0034	織田ステノさんの民話(ｱ) パナウンペとハルニレの木（1981）	https://ainugo.nam.go.jp/search_ajax/ainu_text?contCd=C0034	未了
HTML	アイヌ語アーカイブ	C0035	織田ステノさんの民話(ｱ)姉に虐待された娘と滝の神 （1981）	https://ainugo.nam.go.jp/search_ajax/ainu_text?contCd=C0035	未了
HTML	アイヌ語アーカイブ	C0036	織田ステノさんの民話(ｱ)シナ皮を背負ったクマ（1981）	https://ainugo.nam.go.jp/search_ajax/ainu_text?contCd=C0036	未了
HTML	アイヌ語アーカイブ	C0037	民話(ｱ)「私をかじって！」という声に呼び止められた男（1981）	https://ainugo.nam.go.jp/search_ajax/ainu_text?contCd=C0037	未了
HTML	アイヌ語アーカイブ	C0039	民話(ｱ)山で拾った赤ん坊（1981）	https://ainugo.nam.go.jp/search_ajax/ainu_text?contCd=C0039	未了
HTML	アイヌ語アーカイブ	C0040	織田ステノさんの民話(ｱ) 犬を連れてひとりで嫁いで行った娘（1981）	https://ainugo.nam.go.jp/search_ajax/ainu_text?contCd=C0040	未了
HTML	アイヌ語アーカイブ	C0041	言い伝え(ｱ)ヘビににらまれて太陽の神に助けを求めた話（1981）	https://ainugo.nam.go.jp/search_ajax/ainu_text?contCd=C0041	未了
HTML	アイヌ語アーカイブ	C0043	織田ステノさんの民話(ｱ) イヌエンジュの神に助けられた娘の話（1981）	https://ainugo.nam.go.jp/search_ajax/ainu_text?contCd=C0043	未了
HTML	アイヌ語アーカイブ	C0044	織田ステノさんの民話(ｱ) 神の山の大カジカ（1981）	https://ainugo.nam.go.jp/search_ajax/ainu_text?contCd=C0044	未了
HTML	アイヌ語アーカイブ	C0045	民話(ｱ)夜襲から女たちを救った子グマの神（1981）	https://ainugo.nam.go.jp/search_ajax/ainu_text?contCd=C0045	未了
HTML	アイヌ語アーカイブ	C0046	織田ステノさんのユーカﾗ(ｱ) 兄を助けて沖の神と戦う（1981）	https://ainugo.nam.go.jp/search_ajax/ainu_text?contCd=C0046	未了
HTML	アイヌ語アーカイブ	C0047	織田ステノさんの民話(ｱ) ペナウンペの釣りざお（1981）	https://ainugo.nam.go.jp/search_ajax/ainu_text?contCd=C0047	未了
HTML	アイヌ語アーカイブ	C0048	民話(ｱ)魔鳥の横恋慕（1982）	https://ainugo.nam.go.jp/search_ajax/ainu_text?contCd=C0048	未了
HTML	アイヌ語アーカイブ	C0049	織田ステノさんの民話(ｱ) アイヌにタモギタケを授けた蛇神（1982）	https://ainugo.nam.go.jp/search_ajax/ainu_text?contCd=C0049	未了
HTML	アイヌ語アーカイブ	C0050	織田ステノさんのユーカﾗ語り(ｱ) 兄を助けて沖の神と戦う（1982）	https://ainugo.nam.go.jp/search_ajax/ainu_text?contCd=C0050	未了
HTML	アイヌ語アーカイブ	C0051	民話(ｱ)山で拾った男の子（1982）	https://ainugo.nam.go.jp/search_ajax/ainu_text?contCd=C0051	未了
HTML	アイヌ語アーカイブ	C0052	織田ステノさんの民話(ｱ) お姫様のいれずみ（1982）	https://ainugo.nam.go.jp/search_ajax/ainu_text?contCd=C0052	未了
HTML	アイヌ語アーカイブ	C0053	織田ステノさんの民話(ｱ) アチカラテスとハラテス（1982）	https://ainugo.nam.go.jp/search_ajax/ainu_text?contCd=C0053	未了
HTML	アイヌ語アーカイブ	C0054	織田ステノさんの神謡語り(ｱ) カニ神の艶笑譚(ヨイヤセ)（1982）	https://ainugo.nam.go.jp/search_ajax/ainu_text?contCd=C0054	未了
HTML	アイヌ語アーカイブ	C0055	神謡語り(ｱ)神の娘に恋をした（1982）	https://ainugo.nam.go.jp/search_ajax/ainu_text?contCd=C0055	未了
HTML	アイヌ語アーカイブ	C0056	神謡(ｱ)神の娘に恋をした（エイノ）（1982）	https://ainugo.nam.go.jp/search_ajax/ainu_text?contCd=C0056	未了
HTML	アイヌ語アーカイブ	C0057	織田ステノさんの民話(ｱ) イペッの上流の村長の息子と醜女の縁談（1982）	https://ainugo.nam.go.jp/search_ajax/ainu_text?contCd=C0057	未了
HTML	アイヌ語アーカイブ	C0058	織田ステノさんの民話(ｱ) 人が行方不明になる村を救ったイクレスイェ（1982）	https://ainugo.nam.go.jp/search_ajax/ainu_text?contCd=C0058	未了
HTML	アイヌ語アーカイブ	C0059	織田ステノさんのユーカﾗ(ｱ) ポイヤウンペとスマメノコ（1982）	https://ainugo.nam.go.jp/search_ajax/ainu_text?contCd=C0059	未了
HTML	アイヌ語アーカイブ	C0060	民話(ｱ)人間に火を授けた女神（1982）	https://ainugo.nam.go.jp/search_ajax/ainu_text?contCd=C0060	未了
HTML	アイヌ語アーカイブ	C0062	織田ステノさんの民話(ｱ) 姉に虐待された娘とオコジョ神（1988）	https://ainugo.nam.go.jp/search_ajax/ainu_text?contCd=C0062	未了
HTML	アイヌ語アーカイブ	C0063	織田ステノさんの民話(ｱ) 居候の男に言い寄られメス馬にされた奥さん（1988）	https://ainugo.nam.go.jp/search_ajax/ainu_text?contCd=C0063	未了
HTML	アイヌ語アーカイブ	C0064	織田ステノさんの民話(ｱ) 村長の息子と貧乏人の娘（1988）	https://ainugo.nam.go.jp/search_ajax/ainu_text?contCd=C0064	未了
HTML	アイヌ語アーカイブ	C0065	織田ステノさんの民話(ｱ) 悪い姉に殺されそうになったが滝の神に助けられた娘（1988）	https://ainugo.nam.go.jp/search_ajax/ainu_text?contCd=C0065	未了
HTML	アイヌ語アーカイブ	C0066	織田ステノさんの民話(ｱ) ペナウンペの釣りざお（1988）	https://ainugo.nam.go.jp/search_ajax/ainu_text?contCd=C0066	未了
HTML	アイヌ語アーカイブ	C0067	織田ステノさんの民話(ｱ) ペナウンペの物干しざお（1988）	https://ainugo.nam.go.jp/search_ajax/ainu_text?contCd=C0067	未了
HTML	アイヌ語アーカイブ	C0068	織田ステノさんの民話(ｱ) イヌエンジュの神に助けられた娘の話（1988）	https://ainugo.nam.go.jp/search_ajax/ainu_text?contCd=C0068	未了
HTML	アイヌ語アーカイブ	C0069	織田ステノさんのユーカﾗ語り(ｱ) オオカミ神の娘がポイヤウンペの息子を育てる（1988）	https://ainugo.nam.go.jp/search_ajax/ainu_text?contCd=C0069	未了
HTML	アイヌ語アーカイブ	C0071	織田ステノさんの民話(ｱ) クマの夜襲を察知した石狩の勇気ある末娘（1977）	https://ainugo.nam.go.jp/search_ajax/ainu_text?contCd=C0071	未了
HTML	アイヌ語アーカイブ	C0072	織田ステノさんの民話(ｱ) 姉に虐待され犬になった娘がオコジョ神に助けられる（1977）	https://ainugo.nam.go.jp/search_ajax/ainu_text?contCd=C0072	未了
HTML	アイヌ語アーカイブ	C0073	織田ステノさんのユーカﾗ(ｱ) スマトゥムンチに育てられたトゥンプオルンクㇽ（1977）	https://ainugo.nam.go.jp/search_ajax/ainu_text?contCd=C0073	未了
HTML	アイヌ語アーカイブ	C0074	織田ステノさんのユーカﾗ(ｱ) カンナカムイとポイヤウンペの戦い（1978）	https://ainugo.nam.go.jp/search_ajax/ainu_text?contCd=C0074	未了
HTML	アイヌ語アーカイブ	C0076	民話(ｱ)鵡川の男と石狩の河童の話（1980）	https://ainugo.nam.go.jp/search_ajax/ainu_text?contCd=C0076	未了
HTML	アイヌ語アーカイブ	C0079	民話(ｱ)犬を粗末に扱った嫁（1982）	https://ainugo.nam.go.jp/search_ajax/ainu_text?contCd=C0079	未了
HTML	アイヌ語アーカイブ	C0080	民話(ｱ)鍋のおつげ（1982）	https://ainugo.nam.go.jp/search_ajax/ainu_text?contCd=C0080	未了
HTML	アイヌ語アーカイブ	C0081	神謡語り(ｱ)雷神が好きになった女の子（1982）	https://ainugo.nam.go.jp/search_ajax/ainu_text?contCd=C0081	未了
HTML	アイヌ語アーカイブ	C0082	民話(ｱ)父に化けた人食いグマ（1982）	https://ainugo.nam.go.jp/search_ajax/ainu_text?contCd=C0082	未了
HTML	アイヌ語アーカイブ	C0083	民話(ｱ)逃げてきた和人の奥方（1982）	https://ainugo.nam.go.jp/search_ajax/ainu_text?contCd=C0083	未了
HTML	アイヌ語アーカイブ	C0084	民話(ｱ)狐に化かされた若者を助けた娘（1982）	https://ainugo.nam.go.jp/search_ajax/ainu_text?contCd=C0084	未了
HTML	アイヌ語アーカイブ	C0085	民話(ｱ)漁場から逃げた石狩びとと猫（1982）	https://ainugo.nam.go.jp/search_ajax/ainu_text?contCd=C0085	未了
HTML	アイヌ語アーカイブ	C0086	ユーカラ語り(ｱ)カッコン鳥のかぶと（1982）	https://ainugo.nam.go.jp/search_ajax/ainu_text?contCd=C0086	未了
HTML	アイヌ語アーカイブ	C0087	民話(ｱ)火の女神の嫉妬（1982）	https://ainugo.nam.go.jp/search_ajax/ainu_text?contCd=C0087	未了
HTML	アイヌ語アーカイブ	C0090	言い伝え(ｱ)竜巻にさらわれた女（1982）	https://ainugo.nam.go.jp/search_ajax/ainu_text?contCd=C0090	未了
HTML	アイヌ語アーカイブ	C0091	民話(ｱ)伝染病と木の神（1982）	https://ainugo.nam.go.jp/search_ajax/ainu_text?contCd=C0091	未了
HTML	アイヌ語アーカイブ	C0092	神謡(ｱ)ぬすっとカワウソ（ペナタチチ・パナタチチ）（1982）	https://ainugo.nam.go.jp/search_ajax/ainu_text?contCd=C0092	未了
HTML	アイヌ語アーカイブ	C0093	民話(ｱ)交易先で和人にさらわれた妹（1982）	https://ainugo.nam.go.jp/search_ajax/ainu_text?contCd=C0093	未了
HTML	アイヌ語アーカイブ	C0094	民話(ｱ)死んだ若妻の怒り（1982）	https://ainugo.nam.go.jp/search_ajax/ainu_text?contCd=C0094	未了
HTML	アイヌ語アーカイブ	C0096	民話(ｱ)金の魚、銀の魚（1982）	https://ainugo.nam.go.jp/search_ajax/ainu_text?contCd=C0096	未了
HTML	アイヌ語アーカイブ	C0097	民話(ｱ)山奥で暮らす老夫婦と犬（1982）	https://ainugo.nam.go.jp/search_ajax/ainu_text?contCd=C0097	未了
HTML	アイヌ語アーカイブ	C0098	民話(ｱ)犬と一緒に育てられた少年（1982）	https://ainugo.nam.go.jp/search_ajax/ainu_text?contCd=C0098	未了
HTML	アイヌ語アーカイブ	C0099	言い伝え(ｱ)大沼の大蛇（1982）	https://ainugo.nam.go.jp/search_ajax/ainu_text?contCd=C0099	未了
HTML	アイヌ語アーカイブ	C0102	織田ステノさんの民話(ｱ) ニコㇿマメを授けた女神（1982）	https://ainugo.nam.go.jp/search_ajax/ainu_text?contCd=C0102	未了
HTML	アイヌ語アーカイブ	C0103	民話(ｱ)若夫婦の立派な家（1982）	https://ainugo.nam.go.jp/search_ajax/ainu_text?contCd=C0103	未了
HTML	アイヌ語アーカイブ	C0104	民話(ｱ)兄と交易に行った妹（1982）	https://ainugo.nam.go.jp/search_ajax/ainu_text?contCd=C0104	未了
HTML	アイヌ語アーカイブ	C0108	ユーカラ語り(ｱ)移動の宝、透視の宝（1982）	https://ainugo.nam.go.jp/search_ajax/ainu_text?contCd=C0108	未了
HTML	アイヌ語アーカイブ	C0109	言い伝え(ｱ)エゾリスの知らせ（1982）	https://ainugo.nam.go.jp/search_ajax/ainu_text?contCd=C0109	未了
HTML	アイヌ語アーカイブ	C0110	織田ステノさんの民話(ｱ) 行方不明になった子供が木の神に助けられた（1982）	https://ainugo.nam.go.jp/search_ajax/ainu_text?contCd=C0110	未了
HTML	アイヌ語アーカイブ	C0111	織田ステノさんの民話(ｱ) いつの間にか子供ができ、置き去りにされた娘（1982）	https://ainugo.nam.go.jp/search_ajax/ainu_text?contCd=C0111	未了
HTML	アイヌ語アーカイブ	C0112	民話(ｱ)オタスッ村の忘れ形見（1983）	https://ainugo.nam.go.jp/search_ajax/ainu_text?contCd=C0112	未了
HTML	アイヌ語アーカイブ	C0113	民話(ｱ)猫の悪だくみとニワトリ（1983）	https://ainugo.nam.go.jp/search_ajax/ainu_text?contCd=C0113	未了
HTML	アイヌ語アーカイブ	C0114	神謡(ｱ)ハチの姉妹と雷神（シﾘクンパト）（1983）	https://ainugo.nam.go.jp/search_ajax/ainu_text?contCd=C0114	未了
HTML	アイヌ語アーカイブ	C0115	民話(ｱ)星のしずくを切る、雲のしずくを切る神（部分）（1983）	https://ainugo.nam.go.jp/search_ajax/ainu_text?contCd=C0115	未了
HTML	アイヌ語アーカイブ	C0116	神謡(ｱ)カワウソと倉の魚（ペナタチチ・パナタチチ）（1983）	https://ainugo.nam.go.jp/search_ajax/ainu_text?contCd=C0116	未了
HTML	アイヌ語アーカイブ	C0117	民話(ｱ)パナウンペの釣りざお（1983）	https://ainugo.nam.go.jp/search_ajax/ainu_text?contCd=C0117	未了
HTML	アイヌ語アーカイブ	C0118	民話(ｱ)６ついろりがある家に住む村長（1983）	https://ainugo.nam.go.jp/search_ajax/ainu_text?contCd=C0118	未了
HTML	アイヌ語アーカイブ	C0119	ユーカラ語り(ｱ)砂漠の戦争（1983）	https://ainugo.nam.go.jp/search_ajax/ainu_text?contCd=C0119	未了
HTML	アイヌ語アーカイブ	C0120	民話(ｱ)妻の病気と屋根に生えた木（1983）	https://ainugo.nam.go.jp/search_ajax/ainu_text?contCd=C0120	未了
HTML	アイヌ語アーカイブ	C0122	民話(ｱ)クマと一緒に逃げた娘（1983）	https://ainugo.nam.go.jp/search_ajax/ainu_text?contCd=C0122	未了
HTML	アイヌ語アーカイブ	C0123	神謡(ｱ)カワウソと倉の魚（ペナタチチ・パナタチチ）（1983）	https://ainugo.nam.go.jp/search_ajax/ainu_text?contCd=C0123	未了
HTML	アイヌ語アーカイブ	C0124	神謡(ｱ)神の娘に恋をした（エイノ）（1983）	https://ainugo.nam.go.jp/search_ajax/ainu_text?contCd=C0124	未了
HTML	アイヌ語アーカイブ	C0125	神謡(ｱ)神の娘に恋をした（エイノ）（1983）	https://ainugo.nam.go.jp/search_ajax/ainu_text?contCd=C0125	未了
HTML	アイヌ語アーカイブ	C0126	民話(ｱ)殿様の無理難題と天の神（1983）	https://ainugo.nam.go.jp/search_ajax/ainu_text?contCd=C0126	未了
HTML	アイヌ語アーカイブ	C0127	民話(ｱ)パナウンペのおなかの小鳥（1983）	https://ainugo.nam.go.jp/search_ajax/ainu_text?contCd=C0127	未了
HTML	アイヌ語アーカイブ	C0128	民話(ｱ)子グマをわが子のように育てた女（1983）	https://ainugo.nam.go.jp/search_ajax/ainu_text?contCd=C0128	未了
HTML	アイヌ語アーカイブ	C0129	言い伝え(ｱ)人の心を持たないしかばね（1983）	https://ainugo.nam.go.jp/search_ajax/ainu_text?contCd=C0129	未了
HTML	アイヌ語アーカイブ	C0130	民話(ｱ)どこからかやってきたみすぼらしい女（1983）	https://ainugo.nam.go.jp/search_ajax/ainu_text?contCd=C0130	未了
HTML	アイヌ語アーカイブ	C0131	民話(ｱ)殿様の無理難題と津波の神（1983）	https://ainugo.nam.go.jp/search_ajax/ainu_text?contCd=C0131	未了
HTML	アイヌ語アーカイブ	C0132	ユーカラ(ｱ)シンヌタㇷ゚カの勇者と腹違いの兄弟（1983）	https://ainugo.nam.go.jp/search_ajax/ainu_text?contCd=C0132	未了
HTML	アイヌ語アーカイブ	C0134	民話(ｱ)流れてきた鍋（1983）	https://ainugo.nam.go.jp/search_ajax/ainu_text?contCd=C0134	未了
HTML	アイヌ語アーカイブ	C0137	民話(ｱ)水辺をきれいにして神に助けられた娘（1983）	https://ainugo.nam.go.jp/search_ajax/ainu_text?contCd=C013	未了
HTML	アイヌ語アーカイブ	C0138	民話(ｱ)流行病とナナカマドの祭壇（1983）	https://ainugo.nam.go.jp/search_ajax/ainu_text?contCd=C0138	未了
HTML	アイヌ語アーカイブ	C0139	民話(ｱ)見なれない魚を食べてはならない（1983）	https://ainugo.nam.go.jp/search_ajax/ainu_text?contCd=C0139	未了
HTML	アイヌ語アーカイブ	C0142	言い伝え(ｱ)夢に見た金掘りの話（1983）	https://ainugo.nam.go.jp/search_ajax/ainu_text?contCd=C0142	未了
HTML	アイヌ語アーカイブ	C0143	民話(ｱ)天から降ろされた穀物（1983）	https://ainugo.nam.go.jp/search_ajax/ainu_text?contCd=C0143	未了
HTML	アイヌ語アーカイブ	C0144	ユーカラ語り(ｱ)高貴な兄とよこしまな姉（1983）	https://ainugo.nam.go.jp/search_ajax/ainu_text?contCd=C0144	未了
HTML	アイヌ語アーカイブ	C0145	ユーカラ語り(ｱ)カッコン鳥のかぶと（1983）	https://ainugo.nam.go.jp/search_ajax/ainu_text?contCd=C0145	未了
HTML	アイヌ語アーカイブ	C0146	川上まつ子さんの民話(ｱ)スズメの恩返し（1985）	https://ainugo.nam.go.jp/search_ajax/ainu_text?contCd=C0146	未了
HTML	アイヌ語アーカイブ	C0147	川上まつ子さんの民話(ｱ) 雷神にさらわれた娘（1985）	https://ainugo.nam.go.jp/search_ajax/ainu_text?contCd=C0147	未了
HTML	アイヌ語アーカイブ	C0148	川上まつ子さんの民話(ｱ)大津波を予知して村を救ったキツネ神（1985）	https://ainugo.nam.go.jp/search_ajax/ainu_text?contCd=C0148	未了
HTML	アイヌ語アーカイブ	C0149	川上まつ子さんの民話(ｱ)カシワ原で育てられた神の落とし子（1985）	https://ainugo.nam.go.jp/search_ajax/ainu_text?contCd=C0149	未了
HTML	アイヌ語アーカイブ	C0150	川上まつ子さんの民話(ｱ) エゾマツと魔鳥（1985）	https://ainugo.nam.go.jp/search_ajax/ainu_text?contCd=C0150	未了
HTML	アイヌ語アーカイブ	C0151	川上まつ子さんの民話(ｱ)イクレスイェとカラス神（1984）	https://ainugo.nam.go.jp/search_ajax/ainu_text?contCd=C0151	未了
HTML	アイヌ語アーカイブ	C0152	川上まつ子さんの民話(ｱ)ポロシルンカムイになった少年（1985）	https://ainugo.nam.go.jp/search_ajax/ainu_text?contCd=C0152	未了
HTML	アイヌ語アーカイブ	C0153	川上まつ子さんの神謡(ｱ) 白鳥の知らせ（カポチカ）（1986）	https://ainugo.nam.go.jp/search_ajax/ainu_text?contCd=C0153	未了
HTML	アイヌ語アーカイブ	C0154	川上まつ子さんの民話(ｱ) クモを戒めて妻にしたオコジョ（1986）	https://ainugo.nam.go.jp/search_ajax/ainu_text?contCd=C0154	未了
HTML	アイヌ語アーカイブ	C0155	C0155神謡(ｱ)「雷神が人間の村を訪れる」（リットゥンナ）	https://ainugo.nam.go.jp/search_ajax/ainu_text?contCd=C0155	未了
HTML	アイヌ語アーカイブ	C0156	川上まつ子さんの民話(ｱ) 供養をしてくれる人を探す墓標（1986）	https://ainugo.nam.go.jp/search_ajax/ainu_text?contCd=C0156	未了
HTML	アイヌ語アーカイブ	C0157	川上まつ子さんの民話(ｱ) 和人になった兄（1986）	https://ainugo.nam.go.jp/search_ajax/ainu_text?contCd=C0157	未了
HTML	アイヌ語アーカイブ	C0158	川上まつ子さんの民話(ｱ) ききんの神さま（1986）	https://ainugo.nam.go.jp/search_ajax/ainu_text?contCd=C0158	未了
HTML	アイヌ語アーカイブ	C0159	川上まつ子さんの民話(ｱ) ワシ神の化身と人間の娘（1986）	https://ainugo.nam.go.jp/search_ajax/ainu_text?contCd=C0159	未了
HTML	アイヌ語アーカイブ	C0160	川上まつ子さんの民話(ｱ) 沖の国から逃げてきた陸の国の女（1987）	https://ainugo.nam.go.jp/search_ajax/ainu_text?contCd=C0160	未了
HTML	アイヌ語アーカイブ	C0161	川上まつ子さんの民話(ｱ) おばあちゃんとヤマブドウ（1987）	https://ainugo.nam.go.jp/search_ajax/ainu_text?contCd=C0161	未了
HTML	アイヌ語アーカイブ	C0162	川上まつ子さんの民話(ｱ) 伝染病の神の息子とねたむ人間たち（1987）	https://ainugo.nam.go.jp/search_ajax/ainu_text?contCd=C0162	未了
HTML	アイヌ語アーカイブ	C0163	川上まつ子さんの民話(ｱ) イクレスイェとミズナラの神（1987）	https://ainugo.nam.go.jp/search_ajax/ainu_text?contCd=C0163	未了
HTML	アイヌ語アーカイブ	C0164	川上まつ子さんの神謡(ｱ) 沼貝を助けたオキクㇽミ（ヤクリクリヤクリコ）（1987）	https://ainugo.nam.go.jp/search_ajax/ainu_text?contCd=C0164	未了
HTML	アイヌ語アーカイブ	C0166	川上まつ子さんの神謡(ｱ) 飢饉を救った狩り場の神（ペットゥ）（1987）	https://ainugo.nam.go.jp/search_ajax/ainu_text?contCd=C0166	未了
HTML	アイヌ語アーカイブ	C0167	川上まつ子さんの神謡(ｱ) 雷神と幌尻岳の神（アンナホーレ）（1987）	https://ainugo.nam.go.jp/search_ajax/ainu_text?contCd=C0167	未了
HTML	アイヌ語アーカイブ	C0168	川上まつ子さんの神謡(ｱ) 金色のエゾマツ（カオリ）（1987）	https://ainugo.nam.go.jp/search_ajax/ainu_text?contCd=C0168	未了
HTML	アイヌ語アーカイブ	C0169	川上まつ子さんの民話(ｱ)幌尻岳の神の沼（1986）	https://ainugo.nam.go.jp/search_ajax/ainu_text?contCd=C0169	未了
HTML	アイヌ語アーカイブ	C0170	川上まつ子さんの民話(ｱ) 伝染病で生き残った男の話（1986）	https://ainugo.nam.go.jp/search_ajax/ainu_text?contCd=C0170	未了
HTML	アイヌ語アーカイブ	C0171	川上まつ子さんの神謡(ｱ) 雷神と幌尻岳の神（アンナホーレ）途中まで（1986）	https://ainugo.nam.go.jp/search_ajax/ainu_text?contCd=C0171	未了
HTML	アイヌ語アーカイブ	C0172	川上まつ子さんの民話(ｱ) ペッラサンペに取り憑かれた男の子（1986）	https://ainugo.nam.go.jp/search_ajax/ainu_text?contCd=C0172	未了
HTML	アイヌ語アーカイブ	C0174	川上まつ子さんの民話(ｱ)幌尻岳の神の沼（1986）	https://ainugo.nam.go.jp/search_ajax/ainu_text?contCd=C0174	未了
HTML	アイヌ語アーカイブ	C0175	川上まつ子さんの神謡(ｱ) 雷神が人間の村を訪れる（リットゥンナ）（1986）	https://ainugo.nam.go.jp/search_ajax/ainu_text?contCd=C0175	未了
HTML	アイヌ語アーカイブ	C0176	川上まつ子さんの神謡(ｱ) 白鳥の知らせ（カポチカ）（1986）	https://ainugo.nam.go.jp/search_ajax/ainu_text?contCd=C0176	未了
HTML	アイヌ語アーカイブ	C0177	川上まつ子さんの神謡(ｱ) 飢饉を救った狩り場の神（ペットゥ）（1986）	https://ainugo.nam.go.jp/search_ajax/ainu_text?contCd=C0177	未了
HTML	アイヌ語アーカイブ	C0178	川上まつ子さんの民話(ｱ) ユペッの川尻の村の兄弟と沖の国の兄弟（1987）	https://ainugo.nam.go.jp/search_ajax/ainu_text?contCd=C0178	未了
HTML	アイヌ語アーカイブ	C0179	川上まつ子さんの民話(ｱ)あの世の入り口（1987）	https://ainugo.nam.go.jp/search_ajax/ainu_text?contCd=C0179	未了
HTML	アイヌ語アーカイブ	C0180	川上まつ子さんの民話(ｱ)あの世の入り口（1987）	https://ainugo.nam.go.jp/search_ajax/ainu_text?contCd=C0180	未了
HTML	アイヌ語アーカイブ	C0181	川上まつ子さんの民話(ｱ) クモを戒めて妻にしたオコジョ（1987）	https://ainugo.nam.go.jp/search_ajax/ainu_text?contCd=C0181	未了
HTML	アイヌ語アーカイブ	C0182	川上まつ子さんの民話(ｱ) 飢饉を救った狩り場の神（ペットゥ）（1987）	https://ainugo.nam.go.jp/search_ajax/ainu_text?contCd=C0182	未了
HTML	アイヌ語アーカイブ	C0183	川上まつ子さんの神謡(ｱ) 金色のエゾマツ（カオリ）（1987）	https://ainugo.nam.go.jp/search_ajax/ainu_text?contCd=C0183	未了
HTML	アイヌ語アーカイブ	C0184	川上まつ子さんの民話(ｱ) 村長の家に嫁いだ貧しい娘とヤナギの神（1987）	https://ainugo.nam.go.jp/search_ajax/ainu_text?contCd=C0184	未了
HTML	アイヌ語アーカイブ	C0185	織田ステノさんの民話(ｱ) クマと木の神の会話を聞いた男（1978）	https://ainugo.nam.go.jp/search_ajax/ainu_text?contCd=C0185	未了
HTML	アイヌ語アーカイブ	C0194	上田トシさんの民話(ｱ) 飢饉とカラス神（1993）	https://ainugo.nam.go.jp/search_ajax/ainu_text?contCd=C0194	未了
HTML	アイヌ語アーカイブ	C0195	上田トシさんの民話(ｱ) 六重の喪服を着た男（1994）	https://ainugo.nam.go.jp/search_ajax/ainu_text?contCd=C0195	未了
HTML	アイヌ語アーカイブ	C0196	上田トシさんの民話(ｱ) 夜襲に滅ぼされた村の孤児姉弟の話（1994）	https://ainugo.nam.go.jp/search_ajax/ainu_text?contCd=C0196	未了
HTML	アイヌ語アーカイブ	C0197	上田トシさんの神謡(ｱ) アカショウビンになったメナシの女（へイヌ）（1994）	https://ainugo.nam.go.jp/search_ajax/ainu_text?contCd=C0197	未了
HTML	アイヌ語アーカイブ	C0198	上田トシさんの民話(ｱ) さまよう舟の女神（1994）	https://ainugo.nam.go.jp/search_ajax/ainu_text?contCd=C0198	未了
HTML	アイヌ語アーカイブ	C0199	上田トシさんの民話(ｱ) 飢饉になり千歳まで食糧を求めて行く（1995）	https://ainugo.nam.go.jp/search_ajax/ainu_text?contCd=C0199	未了
HTML	アイヌ語アーカイブ	C0200	上田トシさんの民話(ｱ) オキクㇽミが妻の姿を人に見られて怒った話（1995）	https://ainugo.nam.go.jp/search_ajax/ainu_text?contCd=C0200	未了
HTML	アイヌ語アーカイブ	C0201	上田トシさんの民話(ｱ) 飢饉になり千歳まで食糧を求めて行く（1995）	https://ainugo.nam.go.jp/search_ajax/ainu_text?contCd=C0201	未了
HTML	アイヌ語アーカイブ	C0203	上田トシさんの民話(ｱ) フクロウを養ったイクレスイェ（1995）	https://ainugo.nam.go.jp/search_ajax/ainu_text?contCd=C0203	未了
HTML	アイヌ語アーカイブ	C0204	上田トシさんの民話(ｱ) ふたりの父（1995）	https://ainugo.nam.go.jp/search_ajax/ainu_text?contCd=C0204	未了
HTML	アイヌ語アーカイブ	C0205	上田トシさんの民話(ｱ) シャチの耳輪（1995）	https://ainugo.nam.go.jp/search_ajax/ainu_text?contCd=C0205	未了
HTML	アイヌ語アーカイブ	C0206	上田トシさんの民話(ｱ) 白い犬の水くみ（1996）	https://ainugo.nam.go.jp/search_ajax/ainu_text?contCd=C0206	未了
HTML	アイヌ語アーカイブ	C0207	上田トシさんの民話(ｱ) カツラの舟とハリギリの舟のけんか（1996）	https://ainugo.nam.go.jp/search_ajax/ainu_text?contCd=C0207	未了
HTML	アイヌ語アーカイブ	C0208	上田トシさんの民話(ｱ) トドをだまして肉をとる（1996）	https://ainugo.nam.go.jp/search_ajax/ainu_text?contCd=C0208	未了
HTML	アイヌ語アーカイブ	C0209	上田トシさんの民話(ｱ) ウサギの穂摘み（1996）	https://ainugo.nam.go.jp/search_ajax/ainu_text?contCd=C0209	未了
HTML	アイヌ語アーカイブ	C0210	上田トシさんの民話(ｱ) 河童神の恋（1996）	https://ainugo.nam.go.jp/search_ajax/ainu_text?contCd=C0210	未了
HTML	アイヌ語アーカイブ	C0211	上田トシさんの民話(ｱ) ヘビ神のツノ（1996）	https://ainugo.nam.go.jp/search_ajax/ainu_text?contCd=C0211	未了
HTML	アイヌ語アーカイブ	C0212	上田トシさんの民話(ｱ) まぼろしを見た女（1997）	https://ainugo.nam.go.jp/search_ajax/ainu_text?contCd=C0212	未了
HTML	アイヌ語アーカイブ	C0213	上田トシさんの民話(ｱ) 嘘の談判・盗みの談判（1997）	https://ainugo.nam.go.jp/search_ajax/ainu_text?contCd=C0213	未了
HTML	アイヌ語アーカイブ	C0214	上田トシさんの民話(ｱ) 息子に「ゼンマイ」と名づけた夫婦の話（1997）	https://ainugo.nam.go.jp/search_ajax/ainu_text?contCd=C0214	未了
HTML	アイヌ語アーカイブ	C0215	上田トシさんの民話(ｱ) まぼろしを見た女（1997）	https://ainugo.nam.go.jp/search_ajax/ainu_text?contCd=C0215	未了
HTML	アイヌ語アーカイブ	C0216	上田トシさんの民話(ｱ) 嘘の談判・盗みの談判（1997）	https://ainugo.nam.go.jp/search_ajax/ainu_text?contCd=C0216	未了
HTML	アイヌ語アーカイブ	C0218	上田トシさんの民話(ｱ) ヤナギとミズナラの会話（1997）	https://ainugo.nam.go.jp/search_ajax/ainu_text?contCd=C0218	未了
HTML	アイヌ語アーカイブ	C0226	上田トシさんの民話(ｱ) 木彫りのオオカミ（1999）	https://ainugo.nam.go.jp/search_ajax/ainu_text?contCd=C0226	未了
HTML	アイヌ語アーカイブ	C0227	上田トシさんの民話(ｱ) エゾマツと魔鳥（1999）	https://ainugo.nam.go.jp/search_ajax/ainu_text?contCd=C0227	未了
HTML	アイヌ語アーカイブ	C0228	上田トシさんの民話(ｱ) サルの生き肝（1999）	https://ainugo.nam.go.jp/search_ajax/ainu_text?contCd=C0228	未了
HTML	アイヌ語アーカイブ	C0229	上田トシさんの民話(ｱ) ぬかおにぎりころがった（1999）	https://ainugo.nam.go.jp/search_ajax/ainu_text?contCd=C0229	未了
HTML	アイヌ語アーカイブ	C0230	上田トシさんの民話(ｱ) オタサㇺの男が交易に行く途中に出会った気の毒な男（1999）	https://ainugo.nam.go.jp/search_ajax/ainu_text?contCd=C0230	未了
HTML	アイヌ語アーカイブ	C0233	上田トシさんの民話(ｱ) 石狩を守るクモ神の夢を見たパロアッテの話（1999）	https://ainugo.nam.go.jp/search_ajax/ainu_text?contCd=C0233	未了
HTML	アイヌ語アーカイブ	C0234	上田トシさんの民話(ｱ) サルの生き肝（1999）	https://ainugo.nam.go.jp/search_ajax/ainu_text?contCd=C0234	未了
HTML	アイヌ語アーカイブ	C0235	上田トシさんの民話(ｱ) サルの生き肝（1999）	https://ainugo.nam.go.jp/search_ajax/ainu_text?contCd=C0235	未了
HTML	アイヌ語アーカイブ	C0237	上田トシさんの民話(ｱ) 悪グマを退治した正妻（2000）	https://ainugo.nam.go.jp/search_ajax/ainu_text?contCd=C0237	未了
HTML	アイヌ語アーカイブ	C0238	上田トシさんの神謡語り(ｱ) 飢饉を救った狩り場の神（ペットゥ）（2000）	https://ainugo.nam.go.jp/search_ajax/ainu_text?contCd=C0238	未了
HTML	アイヌ語アーカイブ	C0246	川上まつ子さんの民話(ｱ) あの世へ行った男の話（1985）	https://ainugo.nam.go.jp/search_ajax/ainu_text?contCd=C0246	未了
HTML	アイヌ語アーカイブ	C0248	川上まつ子さんの子守歌 60のゆりかご（1987）	https://ainugo.nam.go.jp/search_ajax/ainu_text?contCd=C0248	未了
HTML	アイヌ語口承文芸コーパス	K7708241UP	パナンペ鬼の手から逃れる	https://ainu.ninjal.ac.jp/static/pdf/text_jp/K7708241UP.text.jp.pdf	未了
HTML	アイヌ語口承文芸コーパス	K7708242UP	悪い赤犬に毒を飲ませた少女	https://ainu.ninjal.ac.jp/static/pdf/text_jp/K7708242UP.text.jp.pdf	未了
HTML	アイヌ語口承文芸コーパス	K7803231UP	猫の神様に育てられた少年	https://ainu.ninjal.ac.jp/static/pdf/text_jp/K7803231UP.text.jp.pdf	未了
HTML	アイヌ語口承文芸コーパス	K7803232UP	村長の奥さんの墓を掘り返した貧乏人	https://ainu.ninjal.ac.jp/static/pdf/text_jp/K7803232UP.text.jp.pdf	未了
HTML	アイヌ語口承文芸コーパス	K7803233UP	ぶどうづるの輪がトパットゥミを退けてくれた話	https://ainu.ninjal.ac.jp/static/pdf/text_jp/K7803233UP.text.jp.pdf	未了
HTML	アイヌ語口承文芸コーパス	K7807151KY	ケﾑカチカッポになった女	https://ainu.ninjal.ac.jp/static/pdf/text_jp/K7807151KY.text.jp.pdf	未了
HTML	アイヌ語口承文芸コーパス	K7807151UP	チセコﾛカムイが育ててくれた	https://ainu.ninjal.ac.jp/static/pdf/text_jp/K7807151UP.text.jp.pdf	未了
HTML	アイヌ語口承文芸コーパス	K7807152KY	火の女神が地の果ての魔神と戦った	https://ainu.ninjal.ac.jp/static/pdf/text_jp/K7807152KY.text.jp.pdf	未了
HTML	アイヌ語口承文芸コーパス	K7807153KY	カッコウの妻になった女	https://ainu.ninjal.ac.jp/static/pdf/text_jp/K7807153KY.text.jp.pdf	未了
HTML	アイヌ語口承文芸コーパス	K7908032UP	金の小函ゆらゆら	https://ainu.ninjal.ac.jp/static/pdf/text_jp/K7908032UP.text.jp.pdf	未了
HTML	アイヌ語口承文芸コーパス	K7908051UP	トパットゥミのウエペケﾚ　霞の架け橋	https://ainu.ninjal.ac.jp/static/pdf/text_jp/K7908051UP.text.jp.pdf	未了
HTML	アイヌ語口承文芸コーパス	K8007292UP	イㇱカㇻの上流からトパットゥミに襲われたイㇱカㇻの中流の少年がユペﾂの人に助けられた	https://ainu.ninjal.ac.jp/static/pdf/text_jp/K8007292UP.text.jp.pdf	未了
HTML	アイヌ語口承文芸コーパス	K8010281UP	イクレスイェニｼパ、ホイナシﾘへ行く	https://ainu.ninjal.ac.jp/static/pdf/text_jp/K8010281UP.text.jp.pdf	未了
HTML	アイヌ語口承文芸コーパス	K8010291UP	チェンパｸのニｼパの話	https://ainu.ninjal.ac.jp/static/pdf/text_jp/K8010291UP.text.jp.pdf	未了
HTML	アイヌ語口承文芸コーパス	K8010301UP	熊の神様に惚れられたが、熊神は神の婚約者のところへ戻った	https://ainu.ninjal.ac.jp/static/pdf/text_jp/K8010301UP.text.jp.pdf	未了
HTML	アイヌ語口承文芸コーパス	K8010311UP	魔猫	https://ainu.ninjal.ac.jp/static/pdf/text_jp/K8010311UP.text.jp.pdf	未了
HTML	アイヌ語口承文芸コーパス	K8106231UP	パナンペおちんちんを伸ばす	https://ainu.ninjal.ac.jp/static/pdf/text_jp/K8106231UP.text.jp.pdf	未了
HTML	アイヌ語口承文芸コーパス	K8106233UP	雪の深い土地で悪熊を倒す話	https://ainu.ninjal.ac.jp/static/pdf/text_jp/K8106233UP.text.jp.pdf	未了
HTML	アイヌ語口承文芸コーパス	K8108011UP	会所の番人に家族を殺され、逃げた若者	https://ainu.ninjal.ac.jp/static/pdf/text_jp/K8108011UP.text.jp.pdf	未了
HTML	アイヌ語口承文芸コーパス	K8108012UP	お稲荷さんのお告げ	https://ainu.ninjal.ac.jp/static/pdf/text_jp/K8108012UP.text.jp.pdf	未了
HTML	アイヌ語口承文芸コーパス	K8109171UP	イクレスイェニｼパ、イㇱカㇻの不幸な女を第二の妻にする	https://ainu.ninjal.ac.jp/static/pdf/text_jp/K8109171UP.text.jp.pdf	未了
HTML	アイヌ語口承文芸コーパス	K8109193UP	巫力の強い姉が、悪い熊親父を退治した	https://ainu.ninjal.ac.jp/static/pdf/text_jp/K8109193UP.text.jp.pdf	未了
HTML	アイヌ語口承文芸コーパス	K8303243UP	チチケウニッネイと疱瘡神の息子	https://ainu.ninjal.ac.jp/static/pdf/text_jp/K8303243UP.text.jp.pdf	未了
HTML	アイヌ語口承文芸コーパス	OI980824KY	リットゥンナ	https://ainu.ninjal.ac.jp/static/pdf/text_jp/OI980824KY.text.jp.pdf	未了
HTML	アイヌ語口承文芸コーパス	OI980905UP	白い糸玉、黒い糸玉	https://ainu.ninjal.ac.jp/static/pdf/text_jp/OI980905UP.text.jp.pdf	未了
HTML	アイヌ語口承文芸コーパス	OI9810131KY	カンナカムイ	https://ainu.ninjal.ac.jp/static/pdf/text_jp/OI9810131KY.text.jp.pdf	未了
HTML	アイヌ語口承文芸コーパス	OI9810132KY	アペフチカムイ	https://ainu.ninjal.ac.jp/static/pdf/text_jp/OI9810132KY.text.jp.pdf	未了
HTML	アイヌ語口承文芸コーパス	OI981027KY	スズメのカムイ	https://ainu.ninjal.ac.jp/static/pdf/text_jp/OI981027KY.text.jp.pdf	未了
HTML	アイヌ語口承文芸コーパス	OI981225UP	ムㇱカムイ	https://ainu.ninjal.ac.jp/static/pdf/text_jp/OI981225UP.text.jp.pdf	未了
HTML	アイヌ語口承文芸コーパス	OI990223UP	カパチㇼカムイ	https://ainu.ninjal.ac.jp/static/pdf/text_jp/OI990223UP.text.jp.pdf	未了
HTML	アイヌ語口承文芸コーパス	OI990205UP	ある女の話	https://ainu.ninjal.ac.jp/static/pdf/text_jp/OI990205UP.text.jp.pdf	未了
HTML	アイヌ語口承文芸コーパス	OI990302UP	少年	https://ainu.ninjal.ac.jp/static/pdf/text_jp/OI990302UP.text.jp.pdf	未了
HTML	アイヌ語口承文芸コーパス	OI000118UP	少年（再録版）	https://ainu.ninjal.ac.jp/static/pdf/text_jp/OI000118UP.text.jp.pdf	未了
HTML	アイヌ語口承文芸コーパス	OI990310UP	悪いホㇿケウカムイ	https://ainu.ninjal.ac.jp/static/pdf/text_jp/OI990310UP.text.jp.pdf	未了
HTML	アイヌ語口承文芸コーパス	OI990317UP	良いホㇿケウカムイ	https://ainu.ninjal.ac.jp/static/pdf/text_jp/OI990317UP.text.jp.pdf	未了
HTML	アイヌ語口承文芸コーパス	OI990423KY	フㇺフㇺカムイ	https://ainu.ninjal.ac.jp/static/pdf/text_jp/OI990423KY.text.jp.pdf	未了
HTML	アイヌ語口承文芸コーパス	OI990508KY	ワオカムイ	https://ainu.ninjal.ac.jp/static/pdf/text_jp/OI990508KY.text.jp.pdf	未了
HTML	アイヌ語口承文芸コーパス	OI990914UP	悪狐	https://ainu.ninjal.ac.jp/static/pdf/text_jp/OI990914UP.text.jp.pdf	未了
PDF	アイヌ語音声資料１〜１２	20814	ワテケさんの昔話 ： 沙流方言 ： 民話5	https://waseda.repo.nii.ac.jp/records/20814	未了
PDF	アイヌ語音声資料１〜１２	20733	ワテケさんの昔話 ： 沙流方言 ： 民話8	https://waseda.repo.nii.ac.jp/records/20733	未了
PDF	アイヌ語音声資料１〜１２	20736	ワテケさんとサダモさん ： 沙流方言 会話・単語 ： 単語（神仏）	https://waseda.repo.nii.ac.jp/records/20736	未了
PDF	アイヌ語音声資料１〜１２	20727	ワテケさんの昔話 ： 沙流方言 ： 民話2	https://waseda.repo.nii.ac.jp/records/20727	未了
PDF	アイヌ語音声資料１〜１２	20730	ワテケさんの昔話 ： 沙流方言 ： 民話7	https://waseda.repo.nii.ac.jp/records/20730	未了
PDF	アイヌ語音声資料１〜１２	20735	ワテケさんの昔話 ： 沙流方言 ： 民話6	https://waseda.repo.nii.ac.jp/records/20735	未了
PDF	アイヌ語音声資料１〜１２	20734	ワテケさんの昔話 ： 沙流方言 ： 伝説9	https://waseda.repo.nii.ac.jp/records/20734	未了
PDF	アイヌ語音声資料１〜１２	20737	国松さんと幸作さんの昔話 : 二風谷・平取 ： 平村幸作さんの民話(3)	https://waseda.repo.nii.ac.jp/records/20737	未了
PDF	アイヌ語音声資料１〜１２	20796	ワテケさんの昔話 ： 沙流方言 ： 民話3	https://waseda.repo.nii.ac.jp/records/20796	未了
PDF	アイヌ語音声資料１〜１２	20731	ワテケさんの昔話 ： 沙流方言 ： 民話4	https://waseda.repo.nii.ac.jp/records/20731	未了
PDF	アイヌ語音声資料１〜１２	20732	早稲田大学リポジトリの公開	https://waseda.repo.nii.ac.jp/records/20732	未了
PDF	アイヌ語音声資料１〜１２	34925	ワテケさんの昔話 ： 沙流方言	https://waseda.repo.nii.ac.jp/records/34925	未了
PDF	アイヌ語音声資料１〜１２	20729	アイヌ語音声資料選集 : 散文篇 : 4-11 民話	https://waseda.repo.nii.ac.jp/records/20729	未了
PDF	アイヌ語音声資料１〜１２	20834	アイヌ語音声資料選集 : 散文篇 : 4-14 民話	https://waseda.repo.nii.ac.jp/records/20834	未了
PDF	アイヌ語音声資料１〜１２	20837	アイヌ語音声資料選集 : 散文篇 : 4-10 民話	https://waseda.repo.nii.ac.jp/records/20837	未了
PDF	アイヌ語音声資料１〜１２	20833	アイヌ語音声資料選集 : 散文篇 : 2-4 会話	https://waseda.repo.nii.ac.jp/records/20833	未了
PDF	アイヌ語音声資料１〜１２	20827	アイヌ語音声資料選集 : 散文篇 : 4-12 民話	https://waseda.repo.nii.ac.jp/records/20827	未了
PDF	アイヌ語音声資料１〜１２	20835	アイヌ語音声資料選集 : 散文篇 : 4-15 民話	https://waseda.repo.nii.ac.jp/records/20835	未了
PDF	アイヌ語音声資料１〜１２	20838	アイヌ語音声資料選集 : 散文篇 : 1-1 単語	https://waseda.repo.nii.ac.jp/records/20838	未了
PDF	アイヌ語音声資料１〜１２	20824	アイヌ語音声資料選集 : 散文篇 : 3-9 言い伝え	https://waseda.repo.nii.ac.jp/records/20824	未了
PDF	アイヌ語音声資料１〜１２	20832	アイヌ語音声資料選集 : 散文篇 : 1-2 単語	https://waseda.repo.nii.ac.jp/records/20832	未了
PDF	アイヌ語音声資料１〜１２	20825	アイヌ語音声資料選集 : 散文篇 : 2-6 会話	https://waseda.repo.nii.ac.jp/records/20825	未了
PDF	アイヌ語音声資料１〜１２	20829	アイヌ語音声資料選集 : 散文篇 : 2-5 会話	https://waseda.repo.nii.ac.jp/records/20829	未了
PDF	アイヌ語音声資料１〜１２	20828	ワテケさんとサダモさん ： 沙流方言 会話・単語 ： 単語（人体）	https://waseda.repo.nii.ac.jp/records/20828	未了
PDF	アイヌ語音声資料１〜１２	20726	ワテケさんとサダモさん ： 沙流方言 会話・単語 ： 会話II 戦争の話，苦労話を言い伝えとして語る	https://waseda.repo.nii.ac.jp/records/20726	未了
PDF	アイヌ語音声資料１〜１２	20722	ワテケさんとサダモさん ： 沙流方言 会話・単語 ： 会話I(3）ニ人の明神の神話	https://waseda.repo.nii.ac.jp/records/20722	未了
PDF	アイヌ語音声資料１〜１２	20721	ワテケさんとサダモさん ： 沙流方言 会話・単語 ： タイトル	https://waseda.repo.nii.ac.jp/records/20721	未了
PDF	アイヌ語音声資料１〜１２	20718	ワテケさんとサダモさん ： 沙流方言 会話・単語 ： 会話I(2）釧路の伝説2題	https://waseda.repo.nii.ac.jp/records/20718	未了
PDF	アイヌ語音声資料１〜１２	20720	ワテケさんとサダモさん ： 沙流方言 会話・単語 ： 会話III(1) 話	https://waseda.repo.nii.ac.jp/records/20720	未了
PDF	アイヌ語音声資料１〜１２	20723	ワテケさんとサダモさん ： 沙流方言 会話・単語 ： 会話III(2) なぞなぞ	https://waseda.repo.nii.ac.jp/records/20723	未了
PDF	アイヌ語音声資料１〜１２	20724	ワテケさんとサダモさん ： 沙流方言 会話・単語 ： 単語（知識）	https://waseda.repo.nii.ac.jp/records/20724	未了
PDF	アイヌ語音声資料１〜１２	20728	ワテケさんとサダモさん ： 沙流方言 会話・単語 ： 会話IV	https://waseda.repo.nii.ac.jp/records/20728	未了
PDF	アイヌ語音声資料１〜１２	20725	ワテケさんとサダモさん ： 沙流方言 会話・単語 ： 会話I(1) 話	https://waseda.repo.nii.ac.jp/records/20725	未了
PDF	アイヌ語音声資料１〜１２	20719	サダモさんのユーカラ. 2 ： 村焼き国焼き2	https://waseda.repo.nii.ac.jp/records/20719	未了
PDF	アイヌ語音声資料１〜１２	20798	サダモさんのユーカラ. 1 ： 村焼き国焼き ： 村焼き国焼き1	https://waseda.repo.nii.ac.jp/records/20798	未了
PDF	アイヌ語音声資料１〜１２	20797	二風谷の昔話と歌謡・神謡 ： 子守唄2	https://waseda.repo.nii.ac.jp/records/20797	未了
PDF	アイヌ語音声資料１〜１２	20781	二風谷の昔話と歌謡・神謡 ： 即興詩5	https://waseda.repo.nii.ac.jp/records/20781	未了
PDF	アイヌ語音声資料１〜１２	20779	二風谷の昔話と歌謡・神謡 ： 民話3	https://waseda.repo.nii.ac.jp/records/20779	未了
PDF	アイヌ語音声資料１〜１２	20773	二風谷の昔話と歌謡・神謡 ： 小さな神謡	https://waseda.repo.nii.ac.jp/records/20773	未了
PDF	アイヌ語音声資料１〜１２	20782	二風谷の昔話と歌謡・神謡 ： 即興詩2	https://waseda.repo.nii.ac.jp/records/20782	未了
PDF	アイヌ語音声資料１〜１２	20776	二風谷の昔話と歌謡・神謡 ： 神謡	https://waseda.repo.nii.ac.jp/records/20776	未了
PDF	アイヌ語音声資料１〜１２	20785	二風谷の昔話と歌謡・神謡 ： 民話1	https://waseda.repo.nii.ac.jp/records/20785	未了
PDF	アイヌ語音声資料１〜１２	20771	二風谷の昔話と歌謡・神謡 ： 神謡	https://waseda.repo.nii.ac.jp/records/20771	未了
PDF	アイヌ語音声資料１〜１２	20788	二風谷の昔話と歌謡・神謡 ： 口くらべ	https://waseda.repo.nii.ac.jp/records/20788	未了
PDF	アイヌ語音声資料１〜１２	20787	二風谷の昔話と歌謡・神謡 ： 犬３匹の呼び名	https://waseda.repo.nii.ac.jp/records/20787	未了
PDF	アイヌ語音声資料１〜１２	20783	二風谷の昔話と歌謡・神謡 ： 酒声・踏舞	https://waseda.repo.nii.ac.jp/records/20783	未了
PDF	アイヌ語音声資料１〜１２	20774	二風谷の昔話と歌謡・神謡 ： 挨拶	https://waseda.repo.nii.ac.jp/records/20774	未了
PDF	アイヌ語音声資料１〜１２	20770	二風谷の昔話と歌謡・神謡 ： 民話4	https://waseda.repo.nii.ac.jp/records/20770	未了
PDF	アイヌ語音声資料１〜１２	20784	二風谷の昔話と歌謡・神謡 ： 子守唄1	https://waseda.repo.nii.ac.jp/records/20784	未了
PDF	アイヌ語音声資料１〜１２	20780	二風谷の昔話と歌謡・神謡 ： 楽譜	https://waseda.repo.nii.ac.jp/records/20780	未了
PDF	アイヌ語音声資料１〜１２	20789	二風谷の昔話と歌謡・神謡 ： 即興詩3	https://waseda.repo.nii.ac.jp/records/20789	未了
PDF	アイヌ語音声資料１〜１２	20777	二風谷の昔話と歌謡・神謡 ： 民話5	https://waseda.repo.nii.ac.jp/records/20777	未了
PDF	アイヌ語音声資料１〜１２	20786	二風谷の昔話と歌謡・神謡 ： 民話2	https://waseda.repo.nii.ac.jp/records/20786	未了
PDF	アイヌ語音声資料１〜１２	20772	二風谷の昔話と歌謡・神謡 ： 即興詩1	https://waseda.repo.nii.ac.jp/records/20772	未了
PDF	アイヌ語音声資料１〜１２	20775	二風谷の昔話と歌謡・神謡 ： 即興詩4	https://waseda.repo.nii.ac.jp/records/20775	未了
PDF	アイヌ語音声資料１〜１２	20778	サダモさんの昔話 ： 沙流方言 ： 民話1	https://waseda.repo.nii.ac.jp/records/20778	未了
PDF	アイヌ語音声資料１〜１２	20738	サダモさんの昔話 ： 沙流方言 ： 民話5	https://waseda.repo.nii.ac.jp/records/20738	未了
PDF	アイヌ語音声資料１〜１２	20742	サダモさんの昔話 ： 沙流方言 ： 伝説6	https://waseda.repo.nii.ac.jp/records/20742	未了
PDF	アイヌ語音声資料１〜１２	20743	サダモさんの昔話 ： 沙流方言 ： 民話2	https://waseda.repo.nii.ac.jp/records/20743	未了
PDF	アイヌ語音声資料１〜１２	20739	サダモさんの昔話 ： 沙流方言 ： 民話3	https://waseda.repo.nii.ac.jp/records/20739	未了
PDF	アイヌ語音声資料１〜１２	20740	サダモさんの昔話 ： 沙流方言 ： 伝説7	https://waseda.repo.nii.ac.jp/records/20740	未了
PDF	アイヌ語音声資料１〜１２	20744	サダモさんの昔話 ： 沙流方言 ： 民話4	https://waseda.repo.nii.ac.jp/records/20744	未了
PDF	アイヌ語音声資料１〜１２	20741	国松さんと幸作さんの昔話 : 二風谷・平取 ： 二谷国松さんの民話(1)	https://waseda.repo.nii.ac.jp/records/20741	未了
PDF	アイヌ語音声資料１〜１２	20790	国松さんと幸作さんの昔話 : 二風谷・平取 ： 二谷国松さんの民話(4)	https://waseda.repo.nii.ac.jp/records/20790	未了
PDF	アイヌ語音声資料１〜１２	20793	国松さんと幸作さんの昔話 : 二風谷・平取 ： 二谷国松さんの民話(3)	https://waseda.repo.nii.ac.jp/records/20793	未了
PDF	アイヌ語音声資料１〜１２	20792	国松さんと幸作さんの昔話 : 二風谷・平取 ： 平村幸作さんの民話(1)	https://waseda.repo.nii.ac.jp/records/20792	未了
PDF	アイヌ語音声資料１〜１２	20794	国松さんと幸作さんの昔話 : 二風谷・平取 ： 平村幸作さんの民話(2)	https://waseda.repo.nii.ac.jp/records/20794	未了
PDF	アイヌ語音声資料１〜１２	20795	国松さんと幸作さんの昔話 : 二風谷・平取 ： 二谷国松さんの民話(2)	https://waseda.repo.nii.ac.jp/records/20795	未了
PDF	アイヌ語音声資料１〜１２	20791	福満・鵡川の歌謡 ： 輪唱歌9	https://waseda.repo.nii.ac.jp/records/20791	未了
PDF	アイヌ語音声資料１〜１２	20761	福満・鵡川の歌謡 ： 輪唱歌1	https://waseda.repo.nii.ac.jp/records/20761	未了
PDF	アイヌ語音声資料１〜１２	20748	福満・鵡川の歌謡 ： 即興詩5	https://waseda.repo.nii.ac.jp/records/20748	未了
PDF	アイヌ語音声資料１〜１２	20759	福満・鵡川の歌謡 ： 輪舞の歌1	https://waseda.repo.nii.ac.jp/records/20759	未了
PDF	アイヌ語音声資料１〜１２	20750	福満・鵡川の歌謡 ： 即興詩4	https://waseda.repo.nii.ac.jp/records/20750	未了
PDF	アイヌ語音声資料１〜１２	20758	福満・鵡川の歌謡 ： 子守歌2	https://waseda.repo.nii.ac.jp/records/20758	未了
PDF	アイヌ語音声資料１〜１２	20769	福満・鵡川の歌謡 ： 踊り歌	https://waseda.repo.nii.ac.jp/records/20769	未了
PDF	アイヌ語音声資料１〜１２	20766	福満・鵡川の歌謡 ： 即興詩2	https://waseda.repo.nii.ac.jp/records/20766	未了
PDF	アイヌ語音声資料１〜１２	20747	福満・鵡川の歌謡 ： 即興詩6	https://waseda.repo.nii.ac.jp/records/20747	未了
PDF	アイヌ語音声資料１〜１２	20765	福満・鵡川の歌謡 ： 輪唱歌7−輪舞の歌2	https://waseda.repo.nii.ac.jp/records/20765	未了
PDF	アイヌ語音声資料１〜１２	20756	福満・鵡川の歌謡 ： 輪唱歌2	https://waseda.repo.nii.ac.jp/records/20756	未了
PDF	アイヌ語音声資料１〜１２	20749	福満・鵡川の歌謡 ： 輪唱歌4	https://waseda.repo.nii.ac.jp/records/20749	未了
PDF	アイヌ語音声資料１〜１２	20753	福満・鵡川の歌謡 ： 即興詩1	https://waseda.repo.nii.ac.jp/records/20753	未了
PDF	アイヌ語音声資料１〜１２	20746	福満・鵡川の歌謡 ： 子守唄1	https://waseda.repo.nii.ac.jp/records/20746	未了
PDF	アイヌ語音声資料１〜１２	20745	福満・鵡川の歌謡 ： 別れの言葉（散文）	https://waseda.repo.nii.ac.jp/records/20745	未了
PDF	アイヌ語音声資料１〜１２	20768	福満・鵡川の歌謡 ： 即興詩7	https://waseda.repo.nii.ac.jp/records/20768	未了
PDF	アイヌ語音声資料１〜１２	20767	福満・鵡川の歌謡 ： 輪唱歌3	https://waseda.repo.nii.ac.jp/records/20767	未了
PDF	アイヌ語音声資料１〜１２	20752	福満・鵡川の歌謡 ： 即興詩3	https://waseda.repo.nii.ac.jp/records/20752	未了
PDF	アイヌ語音声資料１〜１２	20757	福満・鵡川の歌謡 ： 輪舞の歌3	https://waseda.repo.nii.ac.jp/records/20757	未了
PDF	アイヌ語音声資料１〜１２	20764	福満・鵡川の歌謡 ： 輪唱歌6	https://waseda.repo.nii.ac.jp/records/20764	未了
PDF	アイヌ語音声資料１〜１２	20755	福満・鵡川の歌謡 ： 輪唱歌5	https://waseda.repo.nii.ac.jp/records/20755	未了
PDF	アイヌ語音声資料１〜１２	20754	福満・鵡川の歌謡 ： 輪唱歌8	https://waseda.repo.nii.ac.jp/records/20754	未了
PDF	アイヌ語音声資料１〜１２	20760	福満・鵡川の歌謡 ： 輪唱歌10	https://waseda.repo.nii.ac.jp/records/20760	未了
PDF	アイヌ語音声資料１〜１２	20762	福満・鵡川の歌謡 ： 自作の歌	https://waseda.repo.nii.ac.jp/records/20762	未了
PDF	アイヌ語音声資料１〜１２	20763	福満・鵡川の歌謡 ： 雁の舞	https://waseda.repo.nii.ac.jp/records/20763	未了
PDF	アイヌ語音声資料１〜１２	20751	アイヌ語音声資料選集 : 韻文篇 : 3-5 子守唄	https://waseda.repo.nii.ac.jp/records/20751	未了
PDF	アイヌ語音声資料１〜１２	20811	アイヌ語音声資料選集 : 韻文篇 : 4-8B 座り歌／輪唱歌	https://waseda.repo.nii.ac.jp/records/20811	未了
PDF	アイヌ語音声資料１〜１２	20816	アイヌ語音声資料選集 : 韻文篇 : 4-7A 座り歌／輪唱歌	https://waseda.repo.nii.ac.jp/records/20816	未了
PDF	アイヌ語音声資料１〜１２	20813	アイヌ語音声資料選集 : 韻文篇 : 5-10 小さい神謡	https://waseda.repo.nii.ac.jp/records/20813	未了
PDF	アイヌ語音声資料１〜１２	20818	アイヌ語音声資料選集 : 韻文篇 : 6-13 神謡	https://waseda.repo.nii.ac.jp/records/20818	未了
PDF	アイヌ語音声資料１〜１２	20821	アイヌ語音声資料選集 : 韻文篇 : 6-12 神謡	https://waseda.repo.nii.ac.jp/records/20821	未了
PDF	アイヌ語音声資料１〜１２	20820	アイヌ語音声資料選集 : 韻文篇 : 4-7B 座り歌／輪唱歌	https://waseda.repo.nii.ac.jp/records/20820	未了
PDF	アイヌ語音声資料１〜１２	20809	アイヌ語音声資料選集 : 韻文篇 : 2-3 即興歌、叙情歌	https://waseda.repo.nii.ac.jp/records/20809	未了
PDF	アイヌ語音声資料１〜１２	20815	アイヌ語音声資料選集 : 韻文篇 : 4-8A 座り歌／輪唱歌	https://waseda.repo.nii.ac.jp/records/20815	未了
PDF	アイヌ語音声資料１〜１２	20810	アイヌ語音声資料選集 : 韻文篇 : 2-4 即興歌、叙情歌	https://waseda.repo.nii.ac.jp/records/20810	未了
PDF	アイヌ語音声資料１〜１２	20823	アイヌ語音声資料選集 : 韻文篇 : 6-15 神謡	https://waseda.repo.nii.ac.jp/records/20823	未了
PDF	アイヌ語音声資料１〜１２	20807	アイヌ語音声資料選集 : 韻文篇 : 1-1 踏舞	https://waseda.repo.nii.ac.jp/records/20807	未了
PDF	アイヌ語音声資料１〜１２	20808	アイヌ語音声資料選集 : 韻文篇 : 2-2 即興歌、叙情歌	https://waseda.repo.nii.ac.jp/records/20808	未了
PDF	アイヌ語音声資料１〜１２	20819	アイヌ語音声資料選集 : 韻文篇 : 5-11 小さい神謡	https://waseda.repo.nii.ac.jp/records/20819	未了
PDF	アイヌ語音声資料１〜１２	20817	アイヌ語音声資料選集 : 韻文篇 : 4-9 座り歌／輪唱歌	https://waseda.repo.nii.ac.jp/records/20817	未了
PDF	アイヌ語音声資料１〜１２	20812	アイヌ語音声資料選集 : 韻文篇 : 3-6 子守唄	https://waseda.repo.nii.ac.jp/records/20812	未了
PDF	アイヌ語音声資料１〜１２	20822	アイヌ語音声資料選集 : 韻文篇 : 6-14 神謡	https://waseda.repo.nii.ac.jp/records/20822	未了
PDF	アイヌ語音声資料１〜１２	20803	ワテケさんのmenoko-yukara女性叙事詩 : シヌタプカの少女 沙流下流福満 : ワテケさんの女性叙事詩	https://waseda.repo.nii.ac.jp/records/20803	未了
PDF	アイヌ語音声資料１〜１２	20806	ワテケさんの神謡(3)	https://waseda.repo.nii.ac.jp/records/20806	未了
PDF	アイヌ語音声資料１〜１２	20804	ワテケさんの神謡(1)	https://waseda.repo.nii.ac.jp/records/20804	未了
PDF	アイヌ語音声資料１〜１２	20805	ワテケさんの神謡(2)	https://waseda.repo.nii.ac.jp/records/20805	未了
PDF	アイヌ語音声資料１〜１２	20831	アイヌ語音声資料選集 : 散文篇 : 3-8 言い伝え	https://waseda.repo.nii.ac.jp/records/20831	未了
PDF	アイヌ語音声資料１〜１２	20836	アイヌ語音声資料選集 : 散文篇 : 4-13 民話	https://waseda.repo.nii.ac.jp/records/20836	未了
PDF	アイヌ語音声資料１〜１２	20826	アイヌ語音声資料選集 : 散文篇 : 2-3 会話	https://waseda.repo.nii.ac.jp/records/20826	未了
PDF	アイヌ語音声資料１〜１２	20830	アイヌ語音声資料選集 : 散文篇 : 3-7 言い伝え	https://waseda.repo.nii.ac.jp/records/20830	未了
PDF	アイヌ語音声資料１〜１２	20799	サダモさんのユーカラ. 2R ： 村焼き国焼き2R	https://waseda.repo.nii.ac.jp/records/20799	未了
PDF	アイヌ語音声資料１〜１２	20801	川上まつ子さんの昔話と神謡 ： 民話2	https://waseda.repo.nii.ac.jp/records/20801	未了
PDF	アイヌ語音声資料１〜１２	20802	川上まつ子さんの昔話と神謡 ： 神謡	https://waseda.repo.nii.ac.jp/records/20802	未了
PDF	アイヌ語音声資料１〜１２	20800	川上まつ子さんの昔話と神謡 ： 民話1	https://waseda.repo.nii.ac.jp/records/20800	未了
HTML	AA研アイヌ語資料	2	音声資料 川上まつ子さん口演・浜田隆史聞き起こし・訳注isoytak イソイタㇰ 独話 1	https://ainugo.aa-ken.jp/main.php?id=2	未了
HTML	AA研アイヌ語資料	3	音声資料 川上まつ子さん口演・浜田隆史聞き起こし・訳注isoytak イソイタㇰ 独話 2	https://ainugo.aa-ken.jp/main.php?id=3	未了
HTML	AA研アイヌ語資料	4	音声資料 川上まつ子さん口演・浜田隆史聞き起こし・訳注：uwepeker ウウェペケㇾ 民話 7	https://ainugo.aa-ken.jp/main.php?id=4	未了
HTML	AA研アイヌ語資料	5	音声資料 川上まつ子さん口演・浜田隆史聞き起こし・訳注uwepeker ウウェペケㇾ 民話 8（その1）	https://ainugo.aa-ken.jp/main.php?id=5	未了
HTML	AA研アイヌ語資料	6	音声資料 川上まつ子さん口演・浜田隆史聞き起こし・訳注uwepeker ウウェペケㇾ 民話 8（その2）	https://ainugo.aa-ken.jp/main.php?id=6	未了
HTML	AA研アイヌ語資料	7	音声資料 川上まつ子さん口演・浜田隆史聞き起こし・訳注uwepeker ウウェペケㇾ 民話 8（その3）	https://ainugo.aa-ken.jp/main.php?id=7	未了
HTML	AA研アイヌ語資料	8	音声資料 川上まつ子さん口演・阪口諒聞き起こし・訳注：uwepeker ウウェペケㇾ 民話 9	https://ainugo.aa-ken.jp/main.php?id=8	未了
HTML	AA研アイヌ語資料	9	音声資料 川上まつ子さん口演・欠ヶ端和也聞き起こし・訳注：uwepeker ウウェペケㇾ 民話 10	https://ainugo.aa-ken.jp/main.php?id=9	未了
HTML	AA研アイヌ語資料	10	音声資料 川上まつ子さん口演・欠ヶ端和也聞き起こし・訳注：menokoyukar メノコユカㇻ 神謡 4	https://ainugo.aa-ken.jp/main.php?id=10	未了
HTML	AA研アイヌ語資料	12	音声資料 川上まつ子さん述・欠ヶ端和也聞き起こし・訳注：rúpaus kamuy ルパウㇱ カムイへのお祈り wakka us kamuy ワッカ ウㇱ カムイへのお祈り	https://ainugo.aa-ken.jp/main.php?id=12	未了
HTML	AA研アイヌ語資料	13	音声資料 川上まつ子さん口演・欠ヶ端和也聞き起こし・訳注：uwepeker ウウェペケㇾ 民話 11	https://ainugo.aa-ken.jp/main.php?id=13	未了
HTML	AA研アイヌ語資料	14	音声資料 川上まつ子さん口演・山田慎太郎聞き起こし・訳注：menokoyukar メノコユカㇻ 神謡 5	https://ainugo.aa-ken.jp/main.php?id=14	未了
HTML	AA研アイヌ語資料	15	音声資料 川上まつ子さん口演・山田慎太郎聞き起こし・訳注：uwepeker ウウェペケㇾ 民話 12	https://ainugo.aa-ken.jp/main.php?id=15	未了
HTML	AA研アイヌ語資料	16	音声資料 川上まつ子さん口演・喜多直人聞き起こし・訳注：uwepeker ウウェペケㇾ 民話 13	https://ainugo.aa-ken.jp/main.php?id=16	未了
HTML	AA研アイヌ語資料	17	音声資料 織田ステノさん口演・阪口諒聞き起こし・訳注：uwepeker ウウェペケㇾ 民話 Moyuk（前半）	https://ainugo.aa-ken.jp/main.php?id=17	未了
HTML	AA研アイヌ語資料	18	音声資料 織田ステノさん口演・阪口諒聞き起こし・訳注：uwepeker ウウェペケㇾ 民話 Moyuk（後半）	https://ainugo.aa-ken.jp/main.php?id=18	未了
HTML	AA研アイヌ語資料	19	音声資料 川上まつ子さん口演・山田慎太郎聞き起こし・訳注：menokoyukar メノコユカㇻ 神謡 6	https://ainugo.aa-ken.jp/main.php?id=19	未了
HTML	AA研アイヌ語資料	20	音声資料 川上まつ子さん口演・欠ヶ端和也聞き起こし・訳注：uwepeker ウウェペケㇾ 民話 14（前半）	https://ainugo.aa-ken.jp/main.php?id=20	未了
HTML	AA研アイヌ語資料	21	音声資料 川上まつ子さん口演・欠ヶ端和也聞き起こし・訳注：uwepeker ウウェペケㇾ 民話 14（後半）	https://ainugo.aa-ken.jp/main.php?id=21	未了
HTML	AA研アイヌ語資料	22	音声資料 川上まつ子さん口演・山田慎太郎聞き起こし・訳注：uwepeker ウウェペケㇾ 民話 15	https://ainugo.aa-ken.jp/main.php?id=22	未了
HTML	AA研アイヌ語資料	23	音声資料 川上まつ子さん口演・喜多直人聞き起こし・訳注：uwepeker ウウェペケㇾ 民話 16	https://ainugo.aa-ken.jp/main.php?id=23	未了
HTML	AA研アイヌ語資料	24	音声資料 川上まつ子さん口演・山田慎太郎聞き起こし・訳注：uwepeker ウウェペケㇾ 民話 17	https://ainugo.aa-ken.jp/main.php?id=24	未了
HTML	AA研アイヌ語資料	25	音声資料 川上まつ子さん口演・石井正樹聞き起こし・訳注：uwepeker ウウェペケㇾ 民話 18	https://ainugo.aa-ken.jp/main.php?id=25	未了
HTML	AA研アイヌ語資料	26	音声資料 織田ステノさん口演・阪口諒聞き起こし・訳注：uwepeker ウウェペケㇾ Otasut-un-katkemat オタスッウン カッケマッ	https://ainugo.aa-ken.jp/main.php?id=26	未了
HTML	AA研アイヌ語資料	27	音声資料 織田ステノさん口演・阪口諒聞き起こし・訳注：uwepeker ウウェペケㇾ reyep kamuy レイェㇷ゚　カムイ	https://ainugo.aa-ken.jp/main.php?id=27	未了
HTML	AA研アイヌ語資料	28	音声資料 川上まつ子さん口演・長尾優花聞き起こし・訳注：menokoyukar メノコユカㇻ 神謡 7	https://ainugo.aa-ken.jp/main.php?id=28	未了
HTML	AA研アイヌ語資料	29	音声資料 川上まつ子さん口演・欠ヶ端和也聞き起こし・訳注：uwepeker ウウェペケㇾ 民話 19	https://ainugo.aa-ken.jp/main.php?id=29	未了
HTML	AA研アイヌ語資料	30	音声資料 川上まつ子さん口演・阪口諒聞き起こし・訳注：uwepeker ウウェペケㇾ 民話 20	https://ainugo.aa-ken.jp/main.php?id=30	未了
HTML	AA研アイヌ語資料	31	音声資料 川上まつ子さん口演・石井正樹聞き起こし・訳注：uwepeker ウウェペケㇾ 民話 21	https://ainugo.aa-ken.jp/main.php?id=31	未了
HTML	AA研アイヌ語資料	32	音声資料 川上まつ子さん口演・山田慎太郎聞き起こし・訳注：uwepeker ウウェペケㇾ 民話 22	https://ainugo.aa-ken.jp/main.php?id=32	未了
HTML	AA研アイヌ語資料	33	音声資料 川上まつ子さん口演・山田慎太郎聞き起こし・訳注：uwepeker ウウェペケㇾ 民話 23	https://ainugo.aa-ken.jp/main.php?id=33	未了